;created_at;hashtags;id;id_str;lang;source;text;truncated;urls;user;user_mentions;favorite_count;retweet_count;retweeted_status
0;Mon Aug 31 14:24:24 +0000 2020;[];1300439298186059777;1300439298186059777;fr;"<a href=""https://mobile.twitter.com"" rel=""nofollow"">Twitter Web App</a>";"‚è±Ô∏è The gap is reduced to under 2', with 55 km to go.

‚è±Ô∏è L'√©cart passe sous la barre des deux minutes, √† 55 kilom√®t‚Ä¶ https://t.co/9c8C97sHKE";True;[{'expanded_url': 'https://twitter.com/i/web/status/1300439298186059777', 'url': 'https://t.co/9c8C97sHKE'}];"{'created_at': 'Tue Jun 08 13:18:00 +0000 2010', 'description': ""La plus grande course cycliste au monde. The world's biggest cycling race. 2019 üèÜ : @Eganbernal \n\nüóìÔ∏è 29/08/2020 - 20/09/2020\n\n#TDF2020 #TDFunited"", 'favourites_count': 1870, 'followers_count': 3076115, 'following': True, 'friends_count': 929, 'geo_enabled': True, 'id': 153403071, 'id_str': '153403071', 'listed_count': 8926, 'name': 'Tour de France‚Ñ¢', 'profile_background_color': 'FAD905', 'profile_background_image_url': 'http://abs.twimg.com/images/themes/theme1/bg.png', 'profile_background_image_url_https': 'https://abs.twimg.com/images/themes/theme1/bg.png', 'profile_background_tile': True, 'profile_banner_url': 'https://pbs.twimg.com/profile_banners/153403071/1598804913', 'profile_image_url': 'http://pbs.twimg.com/profile_images/1182279755552428033/8mX_dsXW_normal.jpg', 'profile_image_url_https': 'https://pbs.twimg.com/profile_images/1182279755552428033/8mX_dsXW_normal.jpg', 'profile_link_color': 'FAB81E', 'profile_sidebar_border_color': 'FFFFFF', 'profile_sidebar_fill_color': 'DDEEF6', 'profile_text_color': '333333', 'profile_use_background_image': True, 'screen_name': 'LeTour', 'statuses_count': 32871, 'url': 'https://t.co/KZO0DBLRjy', 'verified': True}";[];;;
1;Mon Aug 31 14:15:56 +0000 2020;[];1300437166854680576;1300437166854680576;fr;"<a href=""https://studio.twitter.com"" rel=""nofollow"">Twitter Media Studio</a>";"üëÄ Take a look at the final km of today' stage. Who do you think will take the win?

üëÄ Voici le dernier kilom√®tre de‚Ä¶ https://t.co/cmZd3TznI1";True;[{'expanded_url': 'https://twitter.com/i/web/status/1300437166854680576', 'url': 'https://t.co/cmZd3TznI1'}];"{'created_at': 'Tue Jun 08 13:18:00 +0000 2010', 'description': ""La plus grande course cycliste au monde. The world's biggest cycling race. 2019 üèÜ : @Eganbernal \n\nüóìÔ∏è 29/08/2020 - 20/09/2020\n\n#TDF2020 #TDFunited"", 'favourites_count': 1870, 'followers_count': 3076115, 'following': True, 'friends_count': 929, 'geo_enabled': True, 'id': 153403071, 'id_str': '153403071', 'listed_count': 8926, 'name': 'Tour de France‚Ñ¢', 'profile_background_color': 'FAD905', 'profile_background_image_url': 'http://abs.twimg.com/images/themes/theme1/bg.png', 'profile_background_image_url_https': 'https://abs.twimg.com/images/themes/theme1/bg.png', 'profile_background_tile': True, 'profile_banner_url': 'https://pbs.twimg.com/profile_banners/153403071/1598804913', 'profile_image_url': 'http://pbs.twimg.com/profile_images/1182279755552428033/8mX_dsXW_normal.jpg', 'profile_image_url_https': 'https://pbs.twimg.com/profile_images/1182279755552428033/8mX_dsXW_normal.jpg', 'profile_link_color': 'FAB81E', 'profile_sidebar_border_color': 'FFFFFF', 'profile_sidebar_fill_color': 'DDEEF6', 'profile_text_color': '333333', 'profile_use_background_image': True, 'screen_name': 'LeTour', 'statuses_count': 32871, 'url': 'https://t.co/KZO0DBLRjy', 'verified': True}";[];94.0;11.0;
2;Mon Aug 31 14:13:54 +0000 2020;[{'text': 'TDF2020'}];1300436654801457152;1300436654801457152;fr;"<a href=""https://mobile.twitter.com"" rel=""nofollow"">Twitter Web App</a>";RT @TeamCOFIDIS: Suite √† une chute sur la 3√®me √©tape du #TDF2020, @PerezAnthony1 est contraint d'abandonner @LeTour. Il souffre d'une fract‚Ä¶;;[];"{'created_at': 'Tue Jun 08 13:18:00 +0000 2010', 'description': ""La plus grande course cycliste au monde. The world's biggest cycling race. 2019 üèÜ : @Eganbernal \n\nüóìÔ∏è 29/08/2020 - 20/09/2020\n\n#TDF2020 #TDFunited"", 'favourites_count': 1870, 'followers_count': 3076115, 'following': True, 'friends_count': 929, 'geo_enabled': True, 'id': 153403071, 'id_str': '153403071', 'listed_count': 8926, 'name': 'Tour de France‚Ñ¢', 'profile_background_color': 'FAD905', 'profile_background_image_url': 'http://abs.twimg.com/images/themes/theme1/bg.png', 'profile_background_image_url_https': 'https://abs.twimg.com/images/themes/theme1/bg.png', 'profile_background_tile': True, 'profile_banner_url': 'https://pbs.twimg.com/profile_banners/153403071/1598804913', 'profile_image_url': 'http://pbs.twimg.com/profile_images/1182279755552428033/8mX_dsXW_normal.jpg', 'profile_image_url_https': 'https://pbs.twimg.com/profile_images/1182279755552428033/8mX_dsXW_normal.jpg', 'profile_link_color': 'FAB81E', 'profile_sidebar_border_color': 'FFFFFF', 'profile_sidebar_fill_color': 'DDEEF6', 'profile_text_color': '333333', 'profile_use_background_image': True, 'screen_name': 'LeTour', 'statuses_count': 32871, 'url': 'https://t.co/KZO0DBLRjy', 'verified': True}";[{'id': 321560085, 'id_str': '321560085', 'name': 'Team Cofidis', 'screen_name': 'TeamCOFIDIS'}, {'id': 389938640, 'id_str': '389938640', 'name': 'Perez Anthony', 'screen_name': 'PerezAnthony1'}, {'id': 153403071, 'id_str': '153403071', 'name': 'Tour de France‚Ñ¢', 'screen_name': 'LeTour'}];;33.0;"{'created_at': 'Mon Aug 31 14:12:49 +0000 2020', 'favorite_count': 115, 'hashtags': [{'text': 'TDF2020'}], 'id': 1300436385858498563, 'id_str': '1300436385858498563', 'lang': 'fr', 'retweet_count': 33, 'source': '<a href=""https://mobile.twitter.com"" rel=""nofollow"">Twitter Web App</a>', 'text': ""Suite √† une chute sur la 3√®me √©tape du #TDF2020, @PerezAnthony1 est contraint d'abandonner @LeTour. Il souffre d'un‚Ä¶ https://t.co/i7Q1uezh1B"", 'truncated': True, 'urls': [{'expanded_url': 'https://twitter.com/i/web/status/1300436385858498563', 'url': 'https://t.co/i7Q1uezh1B'}], 'user': {'created_at': 'Tue Jun 21 19:29:37 +0000 2011', 'description': 'Compte officiel de la Team Cofidis. Suivez toutes les actualit√©s de notre √©quipe cycliste et d√©couvrez les coulisses ‚ö™Ô∏èüî¥üîÜüö≤ #CofidisMyTeam', 'favourites_count': 4792, 'followers_count': 73821, 'friends_count': 305, 'geo_enabled': True, 'id': 321560085, 'id_str': '321560085', 'listed_count': 1352, 'location': 'Bondues - FRANCE', 'name': 'Team Cofidis', 'profile_background_color': 'C0DEED', 'profile_background_image_url': 'http://abs.twimg.com/images/themes/theme1/bg.png', 'profile_background_image_url_https': 'https://abs.twimg.com/images/themes/theme1/bg.png', 'profile_banner_url': 'https://pbs.twimg.com/profile_banners/321560085/1598604117', 'profile_image_url': 'http://pbs.twimg.com/profile_images/948880626580643841/xgRCIJE1_normal.jpg', 'profile_image_url_https': 'https://pbs.twimg.com/profile_images/948880626580643841/xgRCIJE1_normal.jpg', 'profile_link_color': 'FF0000', 'profile_sidebar_border_color': 'FFFFFF', 'profile_sidebar_fill_color': 'DDEEF6', 'profile_text_color': '333333', 'profile_use_background_image': True, 'screen_name': 'TeamCOFIDIS', 'statuses_count': 23960, 'url': 'https://t.co/aR2p3ngLyT', 'verified': True}, 'user_mentions': [{'id': 389938640, 'id_str': '389938640', 'name': 'Perez Anthony', 'screen_name': 'PerezAnthony1'}, {'id': 153403071, 'id_str': '153403071', 'name': 'Tour de France‚Ñ¢', 'screen_name': 'LeTour'}]}"
3;Mon Aug 31 14:09:16 +0000 2020;[];1300435489045049345;1300435489045049345;fr;"<a href=""https://mobile.twitter.com"" rel=""nofollow"">Twitter Web App</a>";‚ùå @BenoitCosnefroy and @NansPeters relax: the Norman will keep his polka dot jersey as @PerezAnthony1 abandons afte‚Ä¶ https://t.co/9cH4Hol1Fj;True;[{'expanded_url': 'https://twitter.com/i/web/status/1300435489045049345', 'url': 'https://t.co/9cH4Hol1Fj'}];"{'created_at': 'Tue Jun 08 13:18:00 +0000 2010', 'description': ""La plus grande course cycliste au monde. The world's biggest cycling race. 2019 üèÜ : @Eganbernal \n\nüóìÔ∏è 29/08/2020 - 20/09/2020\n\n#TDF2020 #TDFunited"", 'favourites_count': 1870, 'followers_count': 3076115, 'following': True, 'friends_count': 929, 'geo_enabled': True, 'id': 153403071, 'id_str': '153403071', 'listed_count': 8926, 'name': 'Tour de France‚Ñ¢', 'profile_background_color': 'FAD905', 'profile_background_image_url': 'http://abs.twimg.com/images/themes/theme1/bg.png', 'profile_background_image_url_https': 'https://abs.twimg.com/images/themes/theme1/bg.png', 'profile_background_tile': True, 'profile_banner_url': 'https://pbs.twimg.com/profile_banners/153403071/1598804913', 'profile_image_url': 'http://pbs.twimg.com/profile_images/1182279755552428033/8mX_dsXW_normal.jpg', 'profile_image_url_https': 'https://pbs.twimg.com/profile_images/1182279755552428033/8mX_dsXW_normal.jpg', 'profile_link_color': 'FAB81E', 'profile_sidebar_border_color': 'FFFFFF', 'profile_sidebar_fill_color': 'DDEEF6', 'profile_text_color': '333333', 'profile_use_background_image': True, 'screen_name': 'LeTour', 'statuses_count': 32871, 'url': 'https://t.co/KZO0DBLRjy', 'verified': True}";[{'id': 2967671063, 'id_str': '2967671063', 'name': 'Cosnefroy Benoit', 'screen_name': 'BenoitCosnefroy'}, {'id': 2571616645, 'id_str': '2571616645', 'name': 'Nans Peters', 'screen_name': 'NansPeters'}, {'id': 389938640, 'id_str': '389938640', 'name': 'Perez Anthony', 'screen_name': 'PerezAnthony1'}];130.0;37.0;
4;Mon Aug 31 13:56:53 +0000 2020;[];1300432372366745603;1300432372366745603;fr;"<a href=""https://mobile.twitter.com"" rel=""nofollow"">Twitter Web App</a>";‚è±Ô∏è 3'20 after @CousinJerom, @BenoitCosnefroy takes the remaining point as he's followed by teammate @NansPeters.‚Ä¶ https://t.co/O4W2q58faC;True;[{'expanded_url': 'https://twitter.com/i/web/status/1300432372366745603', 'url': 'https://t.co/O4W2q58faC'}];"{'created_at': 'Tue Jun 08 13:18:00 +0000 2010', 'description': ""La plus grande course cycliste au monde. The world's biggest cycling race. 2019 üèÜ : @Eganbernal \n\nüóìÔ∏è 29/08/2020 - 20/09/2020\n\n#TDF2020 #TDFunited"", 'favourites_count': 1870, 'followers_count': 3076115, 'following': True, 'friends_count': 929, 'geo_enabled': True, 'id': 153403071, 'id_str': '153403071', 'listed_count': 8926, 'name': 'Tour de France‚Ñ¢', 'profile_background_color': 'FAD905', 'profile_background_image_url': 'http://abs.twimg.com/images/themes/theme1/bg.png', 'profile_background_image_url_https': 'https://abs.twimg.com/images/themes/theme1/bg.png', 'profile_background_tile': True, 'profile_banner_url': 'https://pbs.twimg.com/profile_banners/153403071/1598804913', 'profile_image_url': 'http://pbs.twimg.com/profile_images/1182279755552428033/8mX_dsXW_normal.jpg', 'profile_image_url_https': 'https://pbs.twimg.com/profile_images/1182279755552428033/8mX_dsXW_normal.jpg', 'profile_link_color': 'FAB81E', 'profile_sidebar_border_color': 'FFFFFF', 'profile_sidebar_fill_color': 'DDEEF6', 'profile_text_color': '333333', 'profile_use_background_image': True, 'screen_name': 'LeTour', 'statuses_count': 32871, 'url': 'https://t.co/KZO0DBLRjy', 'verified': True}";[{'id': 511673084, 'id_str': '511673084', 'name': 'Cousin Jerome', 'screen_name': 'CousinJerom'}, {'id': 2967671063, 'id_str': '2967671063', 'name': 'Cosnefroy Benoit', 'screen_name': 'BenoitCosnefroy'}, {'id': 2571616645, 'id_str': '2571616645', 'name': 'Nans Peters', 'screen_name': 'NansPeters'}];79.0;10.0;
5;Mon Aug 31 13:50:57 +0000 2020;[];1300430881203589121;1300430881203589121;fr;"<a href=""https://mobile.twitter.com"" rel=""nofollow"">Twitter Web App</a>";‚õ∞Ô∏è @CousinJerom, you won't be surprised to hear, is the first at the Col des L√®ques summit and claims 2 polka dot j‚Ä¶ https://t.co/XnRKT5tPKS;True;[{'expanded_url': 'https://twitter.com/i/web/status/1300430881203589121', 'url': 'https://t.co/XnRKT5tPKS'}];"{'created_at': 'Tue Jun 08 13:18:00 +0000 2010', 'description': ""La plus grande course cycliste au monde. The world's biggest cycling race. 2019 üèÜ : @Eganbernal \n\nüóìÔ∏è 29/08/2020 - 20/09/2020\n\n#TDF2020 #TDFunited"", 'favourites_count': 1870, 'followers_count': 3076115, 'following': True, 'friends_count': 929, 'geo_enabled': True, 'id': 153403071, 'id_str': '153403071', 'listed_count': 8926, 'name': 'Tour de France‚Ñ¢', 'profile_background_color': 'FAD905', 'profile_background_image_url': 'http://abs.twimg.com/images/themes/theme1/bg.png', 'profile_background_image_url_https': 'https://abs.twimg.com/images/themes/theme1/bg.png', 'profile_background_tile': True, 'profile_banner_url': 'https://pbs.twimg.com/profile_banners/153403071/1598804913', 'profile_image_url': 'http://pbs.twimg.com/profile_images/1182279755552428033/8mX_dsXW_normal.jpg', 'profile_image_url_https': 'https://pbs.twimg.com/profile_images/1182279755552428033/8mX_dsXW_normal.jpg', 'profile_link_color': 'FAB81E', 'profile_sidebar_border_color': 'FFFFFF', 'profile_sidebar_fill_color': 'DDEEF6', 'profile_text_color': '333333', 'profile_use_background_image': True, 'screen_name': 'LeTour', 'statuses_count': 32871, 'url': 'https://t.co/KZO0DBLRjy', 'verified': True}";[{'id': 511673084, 'id_str': '511673084', 'name': 'Cousin Jerome', 'screen_name': 'CousinJerom'}];105.0;27.0;
6;Mon Aug 31 13:30:41 +0000 2020;[];1300425780137058307;1300425780137058307;fr;"<a href=""https://mobile.twitter.com"" rel=""nofollow"">Twitter Web App</a>";"üö¥‚Äç‚ôÇÔ∏è @CousinJerom is at Castellane, at the foot of the Col des L√®ques, with a 2'30 lead.

üö¥‚Äç‚ôÇÔ∏è J√©r√¥me Cousin est √†‚Ä¶ https://t.co/2Q0dWhJ2Hx";True;[{'expanded_url': 'https://twitter.com/i/web/status/1300425780137058307', 'url': 'https://t.co/2Q0dWhJ2Hx'}];"{'created_at': 'Tue Jun 08 13:18:00 +0000 2010', 'description': ""La plus grande course cycliste au monde. The world's biggest cycling race. 2019 üèÜ : @Eganbernal \n\nüóìÔ∏è 29/08/2020 - 20/09/2020\n\n#TDF2020 #TDFunited"", 'favourites_count': 1870, 'followers_count': 3076115, 'following': True, 'friends_count': 929, 'geo_enabled': True, 'id': 153403071, 'id_str': '153403071', 'listed_count': 8926, 'name': 'Tour de France‚Ñ¢', 'profile_background_color': 'FAD905', 'profile_background_image_url': 'http://abs.twimg.com/images/themes/theme1/bg.png', 'profile_background_image_url_https': 'https://abs.twimg.com/images/themes/theme1/bg.png', 'profile_background_tile': True, 'profile_banner_url': 'https://pbs.twimg.com/profile_banners/153403071/1598804913', 'profile_image_url': 'http://pbs.twimg.com/profile_images/1182279755552428033/8mX_dsXW_normal.jpg', 'profile_image_url_https': 'https://pbs.twimg.com/profile_images/1182279755552428033/8mX_dsXW_normal.jpg', 'profile_link_color': 'FAB81E', 'profile_sidebar_border_color': 'FFFFFF', 'profile_sidebar_fill_color': 'DDEEF6', 'profile_text_color': '333333', 'profile_use_background_image': True, 'screen_name': 'LeTour', 'statuses_count': 32871, 'url': 'https://t.co/KZO0DBLRjy', 'verified': True}";[{'id': 511673084, 'id_str': '511673084', 'name': 'Cousin Jerome', 'screen_name': 'CousinJerom'}];158.0;27.0;
7;Mon Aug 31 13:26:59 +0000 2020;[];1300424847772835843;1300424847772835843;fr;"<a href=""https://mobile.twitter.com"" rel=""nofollow"">Twitter Web App</a>";"‚èÆÔ∏è Paris-Nice held a finish in Sisteron in 2018 where a certain @CousinJerom won in a breakaway! 

‚èÆÔ∏è En 2018,‚Ä¶ https://t.co/LR6Y3yTuny";True;[{'expanded_url': 'https://twitter.com/i/web/status/1300424847772835843', 'url': 'https://t.co/LR6Y3yTuny'}];"{'created_at': 'Tue Jun 08 13:18:00 +0000 2010', 'description': ""La plus grande course cycliste au monde. The world's biggest cycling race. 2019 üèÜ : @Eganbernal \n\nüóìÔ∏è 29/08/2020 - 20/09/2020\n\n#TDF2020 #TDFunited"", 'favourites_count': 1870, 'followers_count': 3076115, 'following': True, 'friends_count': 929, 'geo_enabled': True, 'id': 153403071, 'id_str': '153403071', 'listed_count': 8926, 'name': 'Tour de France‚Ñ¢', 'profile_background_color': 'FAD905', 'profile_background_image_url': 'http://abs.twimg.com/images/themes/theme1/bg.png', 'profile_background_image_url_https': 'https://abs.twimg.com/images/themes/theme1/bg.png', 'profile_background_tile': True, 'profile_banner_url': 'https://pbs.twimg.com/profile_banners/153403071/1598804913', 'profile_image_url': 'http://pbs.twimg.com/profile_images/1182279755552428033/8mX_dsXW_normal.jpg', 'profile_image_url_https': 'https://pbs.twimg.com/profile_images/1182279755552428033/8mX_dsXW_normal.jpg', 'profile_link_color': 'FAB81E', 'profile_sidebar_border_color': 'FFFFFF', 'profile_sidebar_fill_color': 'DDEEF6', 'profile_text_color': '333333', 'profile_use_background_image': True, 'screen_name': 'LeTour', 'statuses_count': 32871, 'url': 'https://t.co/KZO0DBLRjy', 'verified': True}";[{'id': 511673084, 'id_str': '511673084', 'name': 'Cousin Jerome', 'screen_name': 'CousinJerom'}];87.0;14.0;
8;Mon Aug 31 13:11:44 +0000 2020;[];1300421011591094272;1300421011591094272;fr;"<a href=""http://twitter.com/download/iphone"" rel=""nofollow"">Twitter for iPhone</a>";"RT @CaravaneduTour: üò∑ Porter un masque, c'est garantir le bon d√©roulement de La Caravane. 
√áa n'emp√™che pas de sourire et de faire la f√™te‚Ä¶";;[];"{'created_at': 'Tue Jun 08 13:18:00 +0000 2010', 'description': ""La plus grande course cycliste au monde. The world's biggest cycling race. 2019 üèÜ : @Eganbernal \n\nüóìÔ∏è 29/08/2020 - 20/09/2020\n\n#TDF2020 #TDFunited"", 'favourites_count': 1870, 'followers_count': 3076115, 'following': True, 'friends_count': 929, 'geo_enabled': True, 'id': 153403071, 'id_str': '153403071', 'listed_count': 8926, 'name': 'Tour de France‚Ñ¢', 'profile_background_color': 'FAD905', 'profile_background_image_url': 'http://abs.twimg.com/images/themes/theme1/bg.png', 'profile_background_image_url_https': 'https://abs.twimg.com/images/themes/theme1/bg.png', 'profile_background_tile': True, 'profile_banner_url': 'https://pbs.twimg.com/profile_banners/153403071/1598804913', 'profile_image_url': 'http://pbs.twimg.com/profile_images/1182279755552428033/8mX_dsXW_normal.jpg', 'profile_image_url_https': 'https://pbs.twimg.com/profile_images/1182279755552428033/8mX_dsXW_normal.jpg', 'profile_link_color': 'FAB81E', 'profile_sidebar_border_color': 'FFFFFF', 'profile_sidebar_fill_color': 'DDEEF6', 'profile_text_color': '333333', 'profile_use_background_image': True, 'screen_name': 'LeTour', 'statuses_count': 32871, 'url': 'https://t.co/KZO0DBLRjy', 'verified': True}";[{'id': 1219290218, 'id_str': '1219290218', 'name': 'La Caravane du Tour', 'screen_name': 'CaravaneduTour'}];;11.0;"{'created_at': 'Mon Aug 31 12:56:22 +0000 2020', 'favorite_count': 88, 'hashtags': [], 'id': 1300417143310299137, 'id_str': '1300417143310299137', 'lang': 'fr', 'retweet_count': 11, 'source': '<a href=""http://twitter.com/download/android"" rel=""nofollow"">Twitter for Android</a>', 'text': ""üò∑ Porter un masque, c'est garantir le bon d√©roulement de La Caravane. \n√áa n'emp√™che pas de sourire et de faire la f‚Ä¶ https://t.co/TWJYfgjs0V"", 'truncated': True, 'urls': [{'expanded_url': 'https://twitter.com/i/web/status/1300417143310299137', 'url': 'https://t.co/TWJYfgjs0V'}], 'user': {'created_at': 'Mon Feb 25 16:42:43 +0000 2013', 'description': ""Tout l'esprit de la Caravane 2020 ! üéâ https://t.co/M49Q7FIJRm"", 'favourites_count': 78, 'followers_count': 6060, 'friends_count': 39, 'geo_enabled': True, 'id': 1219290218, 'id_str': '1219290218', 'listed_count': 116, 'name': 'La Caravane du Tour', 'profile_background_color': 'C0DEED', 'profile_background_image_url': 'http://abs.twimg.com/images/themes/theme1/bg.png', 'profile_background_image_url_https': 'https://abs.twimg.com/images/themes/theme1/bg.png', 'profile_background_tile': True, 'profile_banner_url': 'https://pbs.twimg.com/profile_banners/1219290218/1598812144', 'profile_image_url': 'http://pbs.twimg.com/profile_images/1184492805101625344/TASZePir_normal.jpg', 'profile_image_url_https': 'https://pbs.twimg.com/profile_images/1184492805101625344/TASZePir_normal.jpg', 'profile_link_color': '0084B4', 'profile_sidebar_border_color': 'FFFFFF', 'profile_sidebar_fill_color': 'DDEEF6', 'profile_text_color': '333333', 'profile_use_background_image': True, 'screen_name': 'CaravaneduTour', 'statuses_count': 1289, 'url': 'https://t.co/TYh7GRDOnB'}, 'user_mentions': []}"
9;Mon Aug 31 13:03:17 +0000 2020;[];1300418883480891393;1300418883480891393;fr;"<a href=""https://mobile.twitter.com"" rel=""nofollow"">Twitter Web App</a>";"‚è±Ô∏è @CousinJerom's lead is beginning to falter. He's now 3'20 ahead.

‚è±Ô∏è L'avance de J√©r√¥me Cousin commence √† redesc‚Ä¶ https://t.co/C7wxB2dWUK";True;[{'expanded_url': 'https://twitter.com/i/web/status/1300418883480891393', 'url': 'https://t.co/C7wxB2dWUK'}];"{'created_at': 'Tue Jun 08 13:18:00 +0000 2010', 'description': ""La plus grande course cycliste au monde. The world's biggest cycling race. 2019 üèÜ : @Eganbernal \n\nüóìÔ∏è 29/08/2020 - 20/09/2020\n\n#TDF2020 #TDFunited"", 'favourites_count': 1870, 'followers_count': 3076115, 'following': True, 'friends_count': 929, 'geo_enabled': True, 'id': 153403071, 'id_str': '153403071', 'listed_count': 8926, 'name': 'Tour de France‚Ñ¢', 'profile_background_color': 'FAD905', 'profile_background_image_url': 'http://abs.twimg.com/images/themes/theme1/bg.png', 'profile_background_image_url_https': 'https://abs.twimg.com/images/themes/theme1/bg.png', 'profile_background_tile': True, 'profile_banner_url': 'https://pbs.twimg.com/profile_banners/153403071/1598804913', 'profile_image_url': 'http://pbs.twimg.com/profile_images/1182279755552428033/8mX_dsXW_normal.jpg', 'profile_image_url_https': 'https://pbs.twimg.com/profile_images/1182279755552428033/8mX_dsXW_normal.jpg', 'profile_link_color': 'FAB81E', 'profile_sidebar_border_color': 'FFFFFF', 'profile_sidebar_fill_color': 'DDEEF6', 'profile_text_color': '333333', 'profile_use_background_image': True, 'screen_name': 'LeTour', 'statuses_count': 32871, 'url': 'https://t.co/KZO0DBLRjy', 'verified': True}";[{'id': 511673084, 'id_str': '511673084', 'name': 'Cousin Jerome', 'screen_name': 'CousinJerom'}];107.0;15.0;
10;Mon Aug 31 12:59:20 +0000 2020;[];1300417892572426240;1300417892572426240;en;"<a href=""https://about.twitter.com/products/tweetdeck"" rel=""nofollow"">TweetDeck</a>";"RT @letourdata: üá´üá∑@alafpolak1's @deceuninck_qst has been - and by far - the most active team to control the bunch so far in Stage 3

@Cousi‚Ä¶";;[];"{'created_at': 'Tue Jun 08 13:18:00 +0000 2010', 'description': ""La plus grande course cycliste au monde. The world's biggest cycling race. 2019 üèÜ : @Eganbernal \n\nüóìÔ∏è 29/08/2020 - 20/09/2020\n\n#TDF2020 #TDFunited"", 'favourites_count': 1870, 'followers_count': 3076115, 'following': True, 'friends_count': 929, 'geo_enabled': True, 'id': 153403071, 'id_str': '153403071', 'listed_count': 8926, 'name': 'Tour de France‚Ñ¢', 'profile_background_color': 'FAD905', 'profile_background_image_url': 'http://abs.twimg.com/images/themes/theme1/bg.png', 'profile_background_image_url_https': 'https://abs.twimg.com/images/themes/theme1/bg.png', 'profile_background_tile': True, 'profile_banner_url': 'https://pbs.twimg.com/profile_banners/153403071/1598804913', 'profile_image_url': 'http://pbs.twimg.com/profile_images/1182279755552428033/8mX_dsXW_normal.jpg', 'profile_image_url_https': 'https://pbs.twimg.com/profile_images/1182279755552428033/8mX_dsXW_normal.jpg', 'profile_link_color': 'FAB81E', 'profile_sidebar_border_color': 'FFFFFF', 'profile_sidebar_fill_color': 'DDEEF6', 'profile_text_color': '333333', 'profile_use_background_image': True, 'screen_name': 'LeTour', 'statuses_count': 32871, 'url': 'https://t.co/KZO0DBLRjy', 'verified': True}";[{'id': 3302563433, 'id_str': '3302563433', 'name': 'letourdata', 'screen_name': 'letourdata'}, {'id': 1145734481615212544, 'id_str': '1145734481615212544', 'name': 'Julian Alaphilippe Officiel', 'screen_name': 'alafpolak1'}, {'id': 40642369, 'id_str': '40642369', 'name': 'Deceuninck-QuickStep', 'screen_name': 'deceuninck_qst'}];;15.0;"{'created_at': 'Mon Aug 31 12:50:17 +0000 2020', 'favorite_count': 71, 'hashtags': [], 'id': 1300415614322905090, 'id_str': '1300415614322905090', 'lang': 'en', 'retweet_count': 15, 'source': '<a href=""https://studio.twitter.com"" rel=""nofollow"">Twitter Media Studio</a>', 'text': ""üá´üá∑@alafpolak1's @deceuninck_qst has been - and by far - the most active team to control the bunch so far in Stage 3‚Ä¶ https://t.co/D7R35r9EWo"", 'truncated': True, 'urls': [{'expanded_url': 'https://twitter.com/i/web/status/1300415614322905090', 'url': 'https://t.co/D7R35r9EWo'}], 'user': {'created_at': 'Fri May 29 09:45:43 +0000 2015', 'description': 'Follow live data updates from @letour. Powered by @GlobalNTT. \n\n#TDF2020 #TDFdata #TDFVirtual #TDFUnited', 'favourites_count': 505, 'followers_count': 44793, 'friends_count': 473, 'id': 3302563433, 'id_str': '3302563433', 'listed_count': 1081, 'location': 'France', 'name': 'letourdata', 'profile_background_color': '000000', 'profile_background_image_url': 'http://abs.twimg.com/images/themes/theme1/bg.png', 'profile_background_image_url_https': 'https://abs.twimg.com/images/themes/theme1/bg.png', 'profile_banner_url': 'https://pbs.twimg.com/profile_banners/3302563433/1598856009', 'profile_image_url': 'http://pbs.twimg.com/profile_images/1184790508255797248/Dw2SnDd2_normal.jpg', 'profile_image_url_https': 'https://pbs.twimg.com/profile_images/1184790508255797248/Dw2SnDd2_normal.jpg', 'profile_link_color': '4A913C', 'profile_sidebar_border_color': '000000', 'profile_sidebar_fill_color': '000000', 'profile_text_color': '000000', 'screen_name': 'letourdata', 'statuses_count': 3785}, 'user_mentions': [{'id': 1145734481615212544, 'id_str': '1145734481615212544', 'name': 'Julian Alaphilippe Officiel', 'screen_name': 'alafpolak1'}, {'id': 40642369, 'id_str': '40642369', 'name': 'Deceuninck-QuickStep', 'screen_name': 'deceuninck_qst'}]}"
11;Mon Aug 31 12:48:07 +0000 2020;[];1300415068681764866;1300415068681764866;fr;"<a href=""https://mobile.twitter.com"" rel=""nofollow"">Twitter Web App</a>";"üîÅ @deceuninck_qst and its Yellow Jersey-clad @alafpolak1 still lead the peloton.

üîÅ L'√©quipe Deceuninck-Quick Step‚Ä¶ https://t.co/aFAONI39Sb";True;[{'expanded_url': 'https://twitter.com/i/web/status/1300415068681764866', 'url': 'https://t.co/aFAONI39Sb'}];"{'created_at': 'Tue Jun 08 13:18:00 +0000 2010', 'description': ""La plus grande course cycliste au monde. The world's biggest cycling race. 2019 üèÜ : @Eganbernal \n\nüóìÔ∏è 29/08/2020 - 20/09/2020\n\n#TDF2020 #TDFunited"", 'favourites_count': 1870, 'followers_count': 3076115, 'following': True, 'friends_count': 929, 'geo_enabled': True, 'id': 153403071, 'id_str': '153403071', 'listed_count': 8926, 'name': 'Tour de France‚Ñ¢', 'profile_background_color': 'FAD905', 'profile_background_image_url': 'http://abs.twimg.com/images/themes/theme1/bg.png', 'profile_background_image_url_https': 'https://abs.twimg.com/images/themes/theme1/bg.png', 'profile_background_tile': True, 'profile_banner_url': 'https://pbs.twimg.com/profile_banners/153403071/1598804913', 'profile_image_url': 'http://pbs.twimg.com/profile_images/1182279755552428033/8mX_dsXW_normal.jpg', 'profile_image_url_https': 'https://pbs.twimg.com/profile_images/1182279755552428033/8mX_dsXW_normal.jpg', 'profile_link_color': 'FAB81E', 'profile_sidebar_border_color': 'FFFFFF', 'profile_sidebar_fill_color': 'DDEEF6', 'profile_text_color': '333333', 'profile_use_background_image': True, 'screen_name': 'LeTour', 'statuses_count': 32871, 'url': 'https://t.co/KZO0DBLRjy', 'verified': True}";[{'id': 40642369, 'id_str': '40642369', 'name': 'Deceuninck-QuickStep', 'screen_name': 'deceuninck_qst'}, {'id': 1145734481615212544, 'id_str': '1145734481615212544', 'name': 'Julian Alaphilippe Officiel', 'screen_name': 'alafpolak1'}];198.0;24.0;
12;Mon Aug 31 12:47:59 +0000 2020;[];1300415035991371776;1300415035991371776;fr;"<a href=""https://studio.twitter.com"" rel=""nofollow"">Twitter Media Studio</a>";"üîé To have any chance of winning, a sprinter's bike must be perfect!

üé¨ Take a look at how Lotto-Soudal make sure‚Ä¶ https://t.co/eX5jZ5aIuM";True;[{'expanded_url': 'https://twitter.com/i/web/status/1300415035991371776', 'url': 'https://t.co/eX5jZ5aIuM'}];"{'created_at': 'Tue Jun 08 13:18:00 +0000 2010', 'description': ""La plus grande course cycliste au monde. The world's biggest cycling race. 2019 üèÜ : @Eganbernal \n\nüóìÔ∏è 29/08/2020 - 20/09/2020\n\n#TDF2020 #TDFunited"", 'favourites_count': 1870, 'followers_count': 3076115, 'following': True, 'friends_count': 929, 'geo_enabled': True, 'id': 153403071, 'id_str': '153403071', 'listed_count': 8926, 'name': 'Tour de France‚Ñ¢', 'profile_background_color': 'FAD905', 'profile_background_image_url': 'http://abs.twimg.com/images/themes/theme1/bg.png', 'profile_background_image_url_https': 'https://abs.twimg.com/images/themes/theme1/bg.png', 'profile_background_tile': True, 'profile_banner_url': 'https://pbs.twimg.com/profile_banners/153403071/1598804913', 'profile_image_url': 'http://pbs.twimg.com/profile_images/1182279755552428033/8mX_dsXW_normal.jpg', 'profile_image_url_https': 'https://pbs.twimg.com/profile_images/1182279755552428033/8mX_dsXW_normal.jpg', 'profile_link_color': 'FAB81E', 'profile_sidebar_border_color': 'FFFFFF', 'profile_sidebar_fill_color': 'DDEEF6', 'profile_text_color': '333333', 'profile_use_background_image': True, 'screen_name': 'LeTour', 'statuses_count': 32871, 'url': 'https://t.co/KZO0DBLRjy', 'verified': True}";[];72.0;14.0;
13;Mon Aug 31 12:38:18 +0000 2020;[];1300412598509338624;1300412598509338624;fr;"<a href=""https://mobile.twitter.com"" rel=""nofollow"">Twitter Web App</a>";"üá´üá∑ @PerezAnthony1 and @BenoitCosnefroy are caught by the peloton.

üá´üá∑ Anthony Perez et Beno√Æt Cosnefroy sont repris‚Ä¶ https://t.co/AdZ9CVC3rK";True;[{'expanded_url': 'https://twitter.com/i/web/status/1300412598509338624', 'url': 'https://t.co/AdZ9CVC3rK'}];"{'created_at': 'Tue Jun 08 13:18:00 +0000 2010', 'description': ""La plus grande course cycliste au monde. The world's biggest cycling race. 2019 üèÜ : @Eganbernal \n\nüóìÔ∏è 29/08/2020 - 20/09/2020\n\n#TDF2020 #TDFunited"", 'favourites_count': 1870, 'followers_count': 3076115, 'following': True, 'friends_count': 929, 'geo_enabled': True, 'id': 153403071, 'id_str': '153403071', 'listed_count': 8926, 'name': 'Tour de France‚Ñ¢', 'profile_background_color': 'FAD905', 'profile_background_image_url': 'http://abs.twimg.com/images/themes/theme1/bg.png', 'profile_background_image_url_https': 'https://abs.twimg.com/images/themes/theme1/bg.png', 'profile_background_tile': True, 'profile_banner_url': 'https://pbs.twimg.com/profile_banners/153403071/1598804913', 'profile_image_url': 'http://pbs.twimg.com/profile_images/1182279755552428033/8mX_dsXW_normal.jpg', 'profile_image_url_https': 'https://pbs.twimg.com/profile_images/1182279755552428033/8mX_dsXW_normal.jpg', 'profile_link_color': 'FAB81E', 'profile_sidebar_border_color': 'FFFFFF', 'profile_sidebar_fill_color': 'DDEEF6', 'profile_text_color': '333333', 'profile_use_background_image': True, 'screen_name': 'LeTour', 'statuses_count': 32871, 'url': 'https://t.co/KZO0DBLRjy', 'verified': True}";[{'id': 389938640, 'id_str': '389938640', 'name': 'Perez Anthony', 'screen_name': 'PerezAnthony1'}, {'id': 2967671063, 'id_str': '2967671063', 'name': 'Cosnefroy Benoit', 'screen_name': 'BenoitCosnefroy'}];101.0;14.0;
14;Mon Aug 31 12:31:48 +0000 2020;[];1300410963515109377;1300410963515109377;fr;"<a href=""https://mobile.twitter.com"" rel=""nofollow"">Twitter Web App</a>";"üá´üá∑ @BenoitCosnefroy and @PerezAnthony1 relax a little and leave @CousinJerom to go on his own.

üá´üá∑ Cosnefroy et Per‚Ä¶ https://t.co/jY0xysTLsW";True;[{'expanded_url': 'https://twitter.com/i/web/status/1300410963515109377', 'url': 'https://t.co/jY0xysTLsW'}];"{'created_at': 'Tue Jun 08 13:18:00 +0000 2010', 'description': ""La plus grande course cycliste au monde. The world's biggest cycling race. 2019 üèÜ : @Eganbernal \n\nüóìÔ∏è 29/08/2020 - 20/09/2020\n\n#TDF2020 #TDFunited"", 'favourites_count': 1870, 'followers_count': 3076115, 'following': True, 'friends_count': 929, 'geo_enabled': True, 'id': 153403071, 'id_str': '153403071', 'listed_count': 8926, 'name': 'Tour de France‚Ñ¢', 'profile_background_color': 'FAD905', 'profile_background_image_url': 'http://abs.twimg.com/images/themes/theme1/bg.png', 'profile_background_image_url_https': 'https://abs.twimg.com/images/themes/theme1/bg.png', 'profile_background_tile': True, 'profile_banner_url': 'https://pbs.twimg.com/profile_banners/153403071/1598804913', 'profile_image_url': 'http://pbs.twimg.com/profile_images/1182279755552428033/8mX_dsXW_normal.jpg', 'profile_image_url_https': 'https://pbs.twimg.com/profile_images/1182279755552428033/8mX_dsXW_normal.jpg', 'profile_link_color': 'FAB81E', 'profile_sidebar_border_color': 'FFFFFF', 'profile_sidebar_fill_color': 'DDEEF6', 'profile_text_color': '333333', 'profile_use_background_image': True, 'screen_name': 'LeTour', 'statuses_count': 32871, 'url': 'https://t.co/KZO0DBLRjy', 'verified': True}";[{'id': 2967671063, 'id_str': '2967671063', 'name': 'Cosnefroy Benoit', 'screen_name': 'BenoitCosnefroy'}, {'id': 389938640, 'id_str': '389938640', 'name': 'Perez Anthony', 'screen_name': 'PerezAnthony1'}, {'id': 511673084, 'id_str': '511673084', 'name': 'Cousin Jerome', 'screen_name': 'CousinJerom'}];118.0;17.0;
15;Mon Aug 31 12:22:06 +0000 2020;[];1300408520454615040;1300408520454615040;fr;"<a href=""https://studio.twitter.com"" rel=""nofollow"">Twitter Media Studio</a>";"‚ö™üî¥ Two more points for @PerezAnthony1 at the Col de la Faye!

‚ö™üî¥ Anthony Perez en t√™te au Col de la Faye. Le Toulou‚Ä¶ https://t.co/5XDWtICA8t";True;[{'expanded_url': 'https://twitter.com/i/web/status/1300408520454615040', 'url': 'https://t.co/5XDWtICA8t'}];"{'created_at': 'Tue Jun 08 13:18:00 +0000 2010', 'description': ""La plus grande course cycliste au monde. The world's biggest cycling race. 2019 üèÜ : @Eganbernal \n\nüóìÔ∏è 29/08/2020 - 20/09/2020\n\n#TDF2020 #TDFunited"", 'favourites_count': 1870, 'followers_count': 3076115, 'following': True, 'friends_count': 929, 'geo_enabled': True, 'id': 153403071, 'id_str': '153403071', 'listed_count': 8926, 'name': 'Tour de France‚Ñ¢', 'profile_background_color': 'FAD905', 'profile_background_image_url': 'http://abs.twimg.com/images/themes/theme1/bg.png', 'profile_background_image_url_https': 'https://abs.twimg.com/images/themes/theme1/bg.png', 'profile_background_tile': True, 'profile_banner_url': 'https://pbs.twimg.com/profile_banners/153403071/1598804913', 'profile_image_url': 'http://pbs.twimg.com/profile_images/1182279755552428033/8mX_dsXW_normal.jpg', 'profile_image_url_https': 'https://pbs.twimg.com/profile_images/1182279755552428033/8mX_dsXW_normal.jpg', 'profile_link_color': 'FAB81E', 'profile_sidebar_border_color': 'FFFFFF', 'profile_sidebar_fill_color': 'DDEEF6', 'profile_text_color': '333333', 'profile_use_background_image': True, 'screen_name': 'LeTour', 'statuses_count': 32871, 'url': 'https://t.co/KZO0DBLRjy', 'verified': True}";[{'id': 389938640, 'id_str': '389938640', 'name': 'Perez Anthony', 'screen_name': 'PerezAnthony1'}];198.0;39.0;
16;Mon Aug 31 12:11:19 +0000 2020;[];1300405806177943552;1300405806177943552;fr;"<a href=""https://mobile.twitter.com"" rel=""nofollow"">Twitter Web App</a>";"‚õ∞Ô∏è The riders are now climbing the Col de la Faye.

‚õ∞Ô∏è Les mont√©es s'encha√Ænent, les coureurs sont dans le Col de l‚Ä¶ https://t.co/EfhQjKhBrk";True;[{'expanded_url': 'https://twitter.com/i/web/status/1300405806177943552', 'url': 'https://t.co/EfhQjKhBrk'}];"{'created_at': 'Tue Jun 08 13:18:00 +0000 2010', 'description': ""La plus grande course cycliste au monde. The world's biggest cycling race. 2019 üèÜ : @Eganbernal \n\nüóìÔ∏è 29/08/2020 - 20/09/2020\n\n#TDF2020 #TDFunited"", 'favourites_count': 1870, 'followers_count': 3076115, 'following': True, 'friends_count': 929, 'geo_enabled': True, 'id': 153403071, 'id_str': '153403071', 'listed_count': 8926, 'name': 'Tour de France‚Ñ¢', 'profile_background_color': 'FAD905', 'profile_background_image_url': 'http://abs.twimg.com/images/themes/theme1/bg.png', 'profile_background_image_url_https': 'https://abs.twimg.com/images/themes/theme1/bg.png', 'profile_background_tile': True, 'profile_banner_url': 'https://pbs.twimg.com/profile_banners/153403071/1598804913', 'profile_image_url': 'http://pbs.twimg.com/profile_images/1182279755552428033/8mX_dsXW_normal.jpg', 'profile_image_url_https': 'https://pbs.twimg.com/profile_images/1182279755552428033/8mX_dsXW_normal.jpg', 'profile_link_color': 'FAB81E', 'profile_sidebar_border_color': 'FFFFFF', 'profile_sidebar_fill_color': 'DDEEF6', 'profile_text_color': '333333', 'profile_use_background_image': True, 'screen_name': 'LeTour', 'statuses_count': 32871, 'url': 'https://t.co/KZO0DBLRjy', 'verified': True}";[];173.0;24.0;
17;Mon Aug 31 12:07:44 +0000 2020;[{'text': 'TDFbiodiversit√©'}];1300404903999942658;1300404903999942658;fr;"<a href=""https://mobile.twitter.com"" rel=""nofollow"">Twitter Web App</a>";"RT @Le_Museum: #TDFbiodiversit√© √©tape 3 üö¥‚Äç‚ôÇ

Ce chasseur ind√©pendant prend ses quartiers d'√©t√© en France, admirez l'habilit√© du Gu√™pier d'E‚Ä¶";;[];"{'created_at': 'Tue Jun 08 13:18:00 +0000 2010', 'description': ""La plus grande course cycliste au monde. The world's biggest cycling race. 2019 üèÜ : @Eganbernal \n\nüóìÔ∏è 29/08/2020 - 20/09/2020\n\n#TDF2020 #TDFunited"", 'favourites_count': 1870, 'followers_count': 3076115, 'following': True, 'friends_count': 929, 'geo_enabled': True, 'id': 153403071, 'id_str': '153403071', 'listed_count': 8926, 'name': 'Tour de France‚Ñ¢', 'profile_background_color': 'FAD905', 'profile_background_image_url': 'http://abs.twimg.com/images/themes/theme1/bg.png', 'profile_background_image_url_https': 'https://abs.twimg.com/images/themes/theme1/bg.png', 'profile_background_tile': True, 'profile_banner_url': 'https://pbs.twimg.com/profile_banners/153403071/1598804913', 'profile_image_url': 'http://pbs.twimg.com/profile_images/1182279755552428033/8mX_dsXW_normal.jpg', 'profile_image_url_https': 'https://pbs.twimg.com/profile_images/1182279755552428033/8mX_dsXW_normal.jpg', 'profile_link_color': 'FAB81E', 'profile_sidebar_border_color': 'FFFFFF', 'profile_sidebar_fill_color': 'DDEEF6', 'profile_text_color': '333333', 'profile_use_background_image': True, 'screen_name': 'LeTour', 'statuses_count': 32871, 'url': 'https://t.co/KZO0DBLRjy', 'verified': True}";"[{'id': 224607656, 'id_str': '224607656', 'name': ""Mus√©um national d'Histoire naturelle"", 'screen_name': 'Le_Museum'}]";;26.0;"{'created_at': 'Mon Aug 31 10:30:00 +0000 2020', 'favorite_count': 80, 'hashtags': [{'text': 'TDFbiodiversit√©'}], 'id': 1300380310094278656, 'id_str': '1300380310094278656', 'lang': 'fr', 'retweet_count': 26, 'source': '<a href=""https://studio.twitter.com"" rel=""nofollow"">Twitter Media Studio</a>', 'text': ""#TDFbiodiversit√© √©tape 3 üö¥\u200d‚ôÇ\n\nCe chasseur ind√©pendant prend ses quartiers d'√©t√© en France, admirez l'habilit√© du Gu‚Ä¶ https://t.co/IniulptvKd"", 'truncated': True, 'urls': [{'expanded_url': 'https://twitter.com/i/web/status/1300380310094278656', 'url': 'https://t.co/IniulptvKd'}], 'user': {'created_at': 'Thu Dec 09 12:15:30 +0000 2010', 'description': 'MNHN : 13 sites √† Paris, en √éle-de-France et en r√©gion.', 'favourites_count': 8002, 'followers_count': 33389, 'friends_count': 792, 'geo_enabled': True, 'id': 224607656, 'id_str': '224607656', 'listed_count': 966, 'location': 'Paris, France', 'name': ""Mus√©um national d'Histoire naturelle"", 'profile_background_color': 'FFFFFF', 'profile_background_image_url': 'http://abs.twimg.com/images/themes/theme1/bg.png', 'profile_background_image_url_https': 'https://abs.twimg.com/images/themes/theme1/bg.png', 'profile_banner_url': 'https://pbs.twimg.com/profile_banners/224607656/1598853040', 'profile_image_url': 'http://pbs.twimg.com/profile_images/1283676664686403590/1uEY1aWE_normal.jpg', 'profile_image_url_https': 'https://pbs.twimg.com/profile_images/1283676664686403590/1uEY1aWE_normal.jpg', 'profile_link_color': '2D6F89', 'profile_sidebar_border_color': 'FFFFFF', 'profile_sidebar_fill_color': 'DDEEF6', 'profile_text_color': '4F4E4F', 'screen_name': 'Le_Museum', 'statuses_count': 8314, 'url': 'https://t.co/g4QIurwwSB', 'verified': True}, 'user_mentions': []}"
18;Mon Aug 31 12:07:29 +0000 2020;[];1300404843799076865;1300404843799076865;fr;"<a href=""https://mobile.twitter.com"" rel=""nofollow"">Twitter Web App</a>";"‚è±Ô∏è The peloton passes the Col de Pilon summit 2 minutes after the breakaway.

‚è±Ô∏è Le peloton passe au sommet du Col‚Ä¶ https://t.co/mwF3MmCaeJ";True;[{'expanded_url': 'https://twitter.com/i/web/status/1300404843799076865', 'url': 'https://t.co/mwF3MmCaeJ'}];"{'created_at': 'Tue Jun 08 13:18:00 +0000 2010', 'description': ""La plus grande course cycliste au monde. The world's biggest cycling race. 2019 üèÜ : @Eganbernal \n\nüóìÔ∏è 29/08/2020 - 20/09/2020\n\n#TDF2020 #TDFunited"", 'favourites_count': 1870, 'followers_count': 3076115, 'following': True, 'friends_count': 929, 'geo_enabled': True, 'id': 153403071, 'id_str': '153403071', 'listed_count': 8926, 'name': 'Tour de France‚Ñ¢', 'profile_background_color': 'FAD905', 'profile_background_image_url': 'http://abs.twimg.com/images/themes/theme1/bg.png', 'profile_background_image_url_https': 'https://abs.twimg.com/images/themes/theme1/bg.png', 'profile_background_tile': True, 'profile_banner_url': 'https://pbs.twimg.com/profile_banners/153403071/1598804913', 'profile_image_url': 'http://pbs.twimg.com/profile_images/1182279755552428033/8mX_dsXW_normal.jpg', 'profile_image_url_https': 'https://pbs.twimg.com/profile_images/1182279755552428033/8mX_dsXW_normal.jpg', 'profile_link_color': 'FAB81E', 'profile_sidebar_border_color': 'FFFFFF', 'profile_sidebar_fill_color': 'DDEEF6', 'profile_text_color': '333333', 'profile_use_background_image': True, 'screen_name': 'LeTour', 'statuses_count': 32871, 'url': 'https://t.co/KZO0DBLRjy', 'verified': True}";[];95.0;6.0;
19;Mon Aug 31 12:05:45 +0000 2020;[];1300404407704657920;1300404407704657920;fr;"<a href=""https://studio.twitter.com"" rel=""nofollow"">Twitter Media Studio</a>";‚õ∞ After a huge effort, @PerezAnthony1 is first up the Col du Pilon. He is the virtual leader of the mountain classi‚Ä¶ https://t.co/mEwErlIBxc;True;[{'expanded_url': 'https://twitter.com/i/web/status/1300404407704657920', 'url': 'https://t.co/mEwErlIBxc'}];"{'created_at': 'Tue Jun 08 13:18:00 +0000 2010', 'description': ""La plus grande course cycliste au monde. The world's biggest cycling race. 2019 üèÜ : @Eganbernal \n\nüóìÔ∏è 29/08/2020 - 20/09/2020\n\n#TDF2020 #TDFunited"", 'favourites_count': 1870, 'followers_count': 3076115, 'following': True, 'friends_count': 929, 'geo_enabled': True, 'id': 153403071, 'id_str': '153403071', 'listed_count': 8926, 'name': 'Tour de France‚Ñ¢', 'profile_background_color': 'FAD905', 'profile_background_image_url': 'http://abs.twimg.com/images/themes/theme1/bg.png', 'profile_background_image_url_https': 'https://abs.twimg.com/images/themes/theme1/bg.png', 'profile_background_tile': True, 'profile_banner_url': 'https://pbs.twimg.com/profile_banners/153403071/1598804913', 'profile_image_url': 'http://pbs.twimg.com/profile_images/1182279755552428033/8mX_dsXW_normal.jpg', 'profile_image_url_https': 'https://pbs.twimg.com/profile_images/1182279755552428033/8mX_dsXW_normal.jpg', 'profile_link_color': 'FAB81E', 'profile_sidebar_border_color': 'FFFFFF', 'profile_sidebar_fill_color': 'DDEEF6', 'profile_text_color': '333333', 'profile_use_background_image': True, 'screen_name': 'LeTour', 'statuses_count': 32871, 'url': 'https://t.co/KZO0DBLRjy', 'verified': True}";[{'id': 389938640, 'id_str': '389938640', 'name': 'Perez Anthony', 'screen_name': 'PerezAnthony1'}];136.0;23.0;
